{"pairs":[
    {"x0":102.1633205722960440, "y0":-24.9977499718717624, "x1":-14.3322557404258362, "y1":62.6708294856625940},
    {"x0":106.8565762320475301, "y0":11.9375999763435772, "x1":160.8862834978823457, "y1":69.1998577207801731}
]}